{
    "mse": 0.7704646589906351,
    "r2": 0.23020999082187765
}